OBJECTID,Ozone Pctl,PM 2.5 Pctl,Diesel PM Pctl,DrinkingWater Pctl,Pesticides Pctl,Tox Releases Pctl,GroundWater Threats Pctl,Asthma,Asthma Pctl,Cardiovascular Pctl,Education Pctl,Poverty Pctl,Children < 10 (%),Elderly > 65 (%),Hispanic (%),White (%),Asian American (%),Other (%),Shape_Length,Shape_Area
1,82,53,89,62,19,42,0,22.63,12,17,19,15,14.9,12.4,10.7,40.2,41.5,3.5,13460.21817,8807436.426
2,82,53,80,70,26,44,0,46.83,52,57,19,15,8.9,21,20.5,60.4,12.3,3.2,7917.036802,3330251.094
3,82,43,28,70,0,38,0,33.43,31,31,19,21,8.5,18.9,12.3,69.4,12.3,3.1,14017.22185,10700863.76
4,82,53,28,70,0,45,0,46.83,52,57,23,15,9.7,15.3,23.2,51.1,17.7,2.8,5250.161446,1461149.232
5,82,53,23,70,0,46,22,46.83,52,57,24,28,10.6,13.7,24,47.3,20.7,3.4,6222.394919,1910700.603
6,78,43,14,65,0,28,75,51.04,58,46,11,30,9.6,18.3,11.2,70.4,10.5,4,15819.03724,6068196.324
7,82,53,28,66,0,44,72,53.22,60,50,40,22,8.6,19.2,17.8,61.1,13.5,3.4,8734.322779,3028330.183
8,82,53,30,70,0,45,41,48.26,54,41,65,83,15.1,9,54.4,24.2,12,2.4,6169.751699,1684400.329
9,82,53,49,70,0,46,56,43.68,47,34,74,65,14.3,11.8,55,23.8,15.7,1.8,6202.869526,1493863.408
10,78,43,8,45,0,23,44,50.35,57,52,30,51,9.2,11.8,13.3,74.8,3.9,4.4,10684.44183,2098585.76
11,82,43,24,66,0,45,27,46.82,52,57,49,26,9.2,17.5,16.1,56.8,17.8,3.9,13455.04022,6965807.451
12,82,53,60,70,0,57,59,44.99,49,52,33,24,10.1,16.6,29.1,50.4,14.4,2.4,11448.4148,5985240.396
13,82,53,60,70,0,48,0,46.83,52,57,49,60,11.2,7.8,33,38.2,20,3.1,5046.927279,1540276.543
14,82,53,60,70,0,51,71,35.68,35,23,65,72,14.2,6.7,52,23.1,13.3,2.6,7982.419387,3235378.138
15,82,53,45,70,0,49,43,51.76,59,62,70,53,12.8,9.3,42.2,31.6,17.6,2.9,6695.67317,2230552.76
16,82,53,44,70,10,47,24,45.7,51,39,93,86,16.2,5.4,75.4,8.9,12.1,0.9,4492.274461,856829.3721
17,82,53,44,70,17,47,9,63.65,73,85,80,72,14,8.4,61,18.2,15.3,2.1,5040.94579,1104738.537
18,82,53,44,70,0,48,25,63.65,73,85,66,53,12.5,13.9,42,33.5,17.7,2,6434.835594,1553217.518
19,82,53,44,70,0,47,62,48.45,54,46,68,36,15,9.8,54.5,27.6,13.5,1.8,6072.196797,2148161.566
20,82,53,30,70,0,45,67,62.27,71,65,30,28,11.2,13.9,22.8,54.4,15.3,4.4,5616.95465,1913120.614
21,82,53,30,70,58,46,73,45.23,50,41,65,37,11.9,13.5,35.3,42.4,15.6,3.6,6347.875363,2328580.5
22,82,53,30,70,0,46,46,51.56,58,45,49,55,11.7,19.5,28.3,46,18.6,2.7,4997.296984,1489459.075
23,82,53,30,70,0,46,38,62.27,71,65,96,94,18.6,4,77.6,8.6,10.1,1.1,2990.298164,525161.9705
24,82,53,30,70,0,46,54,33.3,31,13,42,55,15.2,9.1,44.5,26.6,17.5,2.7,3808.671865,906306.3165
25,78,53,12,70,0,44,2,34.99,33,26,18,7,11.6,17.1,8.4,73.6,11.8,4.4,7129.714304,3133122.21
26,82,53,30,70,43,45,50,34.48,32,23,24,16,11.1,15.5,16,61.7,16,2.8,9425.311399,3442244.4
27,82,53,30,70,0,44,59,56.87,65,56,9,16,9.8,18.7,12.3,67.4,14.4,3.3,6829.022659,2303784.726
28,78,43,8,61,0,34,0,52.49,60,49,6,0,8.9,11.7,6.7,71.5,16.5,3.6,10078.24123,5431784.708
29,82,53,36,70,0,47,79,63.55,73,72,84,79,16.2,7.3,72.8,14.6,7.7,2,4855.908008,1417336.693
30,82,53,44,70,0,47,29,60.99,70,67,93,90,18.9,2.2,90.2,5.2,2.8,0.9,3035.621507,520193.5154
31,82,53,32,70,0,46,54,63.55,73,72,77,88,17.7,5,70,15.5,7.7,1.7,3801.222826,905018.1881
32,82,53,44,70,15,48,0,63.65,73,85,83,86,16.8,5.6,69,14,11.7,2,3658.063704,830745.6751
33,82,53,68,70,80,47,78,36.4,36,23,52,68,11.9,3.3,39.2,30.5,18,3.7,3877.30608,829792.3423
34,82,53,67,70,58,48,24,53.78,61,71,73,66,14.1,9.8,54.5,29.5,9.4,2.3,5766.187137,1518766.534
35,82,53,86,70,78,48,67,24.53,15,10,3,21,8.5,8.8,12.6,61.2,12.6,4.6,8115.706354,3795748.483
36,82,53,49,70,53,46,41,35.51,34,33,21,34,9.7,18.3,17.5,64.3,10.6,3.9,6999.601685,2454821.991
37,82,53,43,70,61,47,80,43.28,47,35,39,35,10.8,12.4,23.3,58.3,10,3.9,4943.528796,1519118.915
38,82,53,58,70,81,47,15,40.24,42,54,12,16,11.9,10.3,13.6,52.5,19.1,5,4802.668487,941504.0674
39,82,53,67,70,82,47,73,25.61,17,8,20,55,9.5,16.7,12.7,51.2,26.7,4.1,6696.333876,1854186.279
40,82,53,50,70,23,46,22,38.24,39,42,17,33,11.3,18.4,14.5,67.9,11.1,3.1,6857.202992,2239356.009
41,78,53,50,70,0,45,22,35.92,35,36,16,14,10.9,15.7,15.5,67.1,10.9,3.5,6580.27637,2585137.363
42,78,53,9,60,0,44,22,35.6,35,34,19,27,10.6,16.4,12,70.3,12,3.7,12312.33055,6589747.525
43,82,53,71,70,77,48,65,40.24,42,54,14,18,8.8,12.5,11.7,61.4,16,4.8,4363.067898,1116204.847
44,82,53,86,70,69,48,75,40.24,42,54,10,21,10,20.7,9.1,77.1,5.3,5.6,8634.586301,3750784.632
45,82,53,58,70,55,47,59,34.51,33,39,24,31,11.2,13.9,13.7,64,12.4,4.4,7094.56037,2911416.462
46,78,53,58,70,11,46,4,40.24,42,54,17,11,10.7,16.8,7.5,79,7.9,2.5,7459.079472,2354325.3
47,78,53,10,66,20,46,4,33.41,31,36,6,9,9.5,24.3,7.7,78.5,7.8,4.1,9217.025629,3586112.547
48,78,53,44,66,0,48,72,32.58,29,37,25,18,13.3,13.9,9.9,77.2,5.5,4.5,9734.512448,3483513.756
49,78,53,33,62,0,47,65,32.01,29,37,20,41,10,23,7.7,76.4,6.2,5,11392.53053,4520067.904
50,82,53,78,70,0,48,86,35.69,35,45,2,19,11.6,18.2,9.9,75.2,5.7,4.8,7096.532489,3059708.948
51,78,53,19,66,0,50,9,28.89,23,29,9,18,11.2,16.3,7.8,80.4,5.8,3.5,11513.15506,6537890.054
52,78,53,14,43,19,47,0,14.77,3,8,5,5,10.8,15.8,5.4,84.4,5.7,3.4,20549.15974,11842427.24
53,74,53,6,44,38,50,0,10.37,1,5,7,21,11.3,11.8,6.4,85,3.7,3.2,57640.31089,77101283.76
54,74,53,17,19,12,45,32,16.64,5,19,9,26,14.8,10.2,5.6,81.6,8,3.1,32909.92178,40052172.79
55,78,43,14,44,23,44,65,13.83,2,8,6,17,10.6,11.7,7.4,80.9,6.5,3.3,20649.73557,15214830.82
56,78,53,31,55,23,46,84,22.78,12,27,21,29,9,22.2,5.5,81.8,7.7,3.8,30940.54812,14145134.47
57,69,41,35,19,11,26,48,19.43,7,28,9,5,11.9,11.2,7.6,79.3,8.8,2.8,11865.4822,5252719.379
58,69,41,15,38,34,27,76,9.91,1,4,7,10,8.8,17,7.8,82.7,6.4,2.1,45412.70872,61552549.85
59,74,41,19,44,12,25,0,21.17,9,39,46,39,10.7,11,16.4,71.9,6.7,3,14012.61972,8312802.454
60,74,43,10,19,7,30,4,18.44,6,26,15,19,10.6,8.3,8.9,75.6,9.4,3.6,14949.60479,14356733.63
61,74,43,20,19,15,31,32,18.88,7,28,6,11,11.5,8,8.4,76.7,8.7,4,31318.01106,33035877.22
62,69,43,6,19,29,33,0,3.98,0,0,6,28,9.6,12.5,6.6,89.4,1,1.8,45101.36662,41629755.94
63,69,41,17,36,16,26,44,24.38,15,28,11,8,10.3,11,10.2,72.2,10.1,4.6,8614.076804,2790332.451
64,69,41,12,45,19,25,0,19.08,7,29,2,4,9.9,11.6,6.1,82.9,7.4,3,12605.81372,7040888.992
65,69,41,4,19,31,27,0,9.46,1,3,31,23,7.8,14.4,11.9,78.4,3.2,2.8,71276.60434,133302235
66,69,43,4,19,28,39,0,6.09,0,0,11,12,4.2,5.6,9.3,73.2,8.9,4.1,45988.88047,54545726.97
67,69,53,4,19,14,49,43,11.36,1,9,19,16,8.2,18.3,6,86.5,3.6,2.2,40636.20083,31150895.84
68,91,4,2,89,48,9,68,34.89,33,48,62,45,9.1,15.2,22.4,69.5,1.8,2.6,210335.2905,885540646.8
69,91,11,6,97,24,8,36,23.33,13,68,40,56,14.3,7.7,30.2,53.6,9.2,3.2,160623.535,929795237.1
70,82,9,3,54,0,11,0,26.61,19,81,35,18,11.9,6.6,20.3,68.5,5.6,2.8,85468.43797,233821434
71,82,33,16,64,58,29,36,26.92,19,82,68,52,15.2,5.7,54.8,36.7,2,2.9,39331.84606,68942561.76
72,91,43,90,82,0,26,83,12.35,2,14,1,5,21,2.8,18.1,47.8,25.3,4.5,28824.36171,16817456.29
73,85,33,22,57,0,23,14,27.27,20,83,18,3,12.6,6.3,22.3,61.6,9.6,3.5,16316.04463,10959903.65
74,85,41,36,73,0,57,0,23.43,13,68,33,11,16.8,4.8,23.1,55,14.9,3.2,11396.08027,4365420.041
75,85,33,22,58,0,39,4,16.52,5,31,25,6,17.4,4.1,21.7,54.2,15,4.3,12534.02354,7461452.568
76,91,33,78,60,66,28,15,27.27,20,83,90,,0,0.2,59.4,9.9,0.4,0.8,24367.40724,16744163.78
77,82,43,14,87,0,24,50,27.74,21,20,6,23,11,7,16.9,55.5,18.9,4.3,50652.01954,75725422.44
78,91,43,9,74,45,15,22,18.42,6,68,22,12,14.3,7.7,18.6,51.8,21.8,3.4,57508.86095,100381934.9
79,91,53,25,79,0,16,0,17.05,5,58,17,6,16,5.9,14,59.4,20.7,3.2,12635.91031,5461824.996
80,91,43,32,79,0,22,58,12.11,1,17,15,6,17,4.7,13.5,52.3,26.6,4.3,32276.2511,50004222.72
81,78,53,58,70,0,46,61,35.87,35,43,9,18,11.1,13.7,10.9,74.8,6.9,3.6,6641.891687,2032860.875
82,82,43,18,79,0,41,33,28.58,23,10,,,0,12.5,25,50,0,25,14727.17105,7652269.109
83,78,66,13,70,0,59,0,43.41,47,82,61,62,9.7,10.1,28,56.1,10.4,3.7,5543.684706,1673645.978
84,78,66,10,66,0,58,0,35.97,35,62,18,3,9.6,13.4,15.7,66.5,13.5,3.4,11687.0372,3888959.93
85,74,66,20,70,0,59,0,43.41,47,82,67,80,13.6,8.5,37,48.2,7.5,4,4457.178633,957386.8154
86,74,66,26,70,0,60,2,43.41,47,82,58,56,11.5,11.6,37.8,49.4,8.1,3.2,4661.666121,1023555.592
87,74,66,22,93,0,61,47,33.52,31,53,40,26,8.8,17.9,12,76,7.6,3.3,10865.57876,3794525.986
88,74,69,21,71,0,60,32,31.22,27,39,41,54,7.9,14.4,18.5,67.9,8.6,3.7,15733.411,9263019.792
89,78,82,58,70,0,61,4,77.04,83,56,37,5,8.8,16,21.6,64,9.7,3.3,6024.687431,1737087.875
90,78,82,92,82,0,62,77,38.17,39,17,37,21,8.8,14.4,14.6,66.8,13,3.2,10148.44206,2428602.276
91,78,82,94,81,0,62,94,31.99,29,6,71,60,11.2,9.6,65.6,23.9,8,1.5,3682.501862,721187.0751
92,78,69,35,74,0,60,2,47.76,53,31,45,53,8.9,20.2,27,60,7.6,2.4,23425.57508,18963088.58
93,78,66,11,66,0,58,0,40.3,42,70,41,38,9.6,12.1,21.2,66,9,2.8,9361.454994,2975453.746
94,78,66,11,70,0,59,0,41.09,44,71,47,25,10.2,12.3,28.4,55.7,12.4,2.6,6096.599507,1823388.638
95,78,66,45,62,23,58,0,52.87,60,79,58,64,9.4,14.7,29,56.3,7.4,2.6,19442.79574,10884373.03
96,78,69,54,70,0,59,2,49.5,56,82,24,36,9.3,15.2,19.5,71,5.8,2.5,13756.15959,9008072.535
97,78,69,17,70,0,59,0,43.73,47,76,37,40,9.5,13.5,25.1,61.6,8.1,3.4,9191.33119,3663616.108
98,78,66,50,66,36,57,0,64.44,74,53,81,60,14.6,8.2,71.4,7.5,6.9,1.5,4873.116462,1387561.274
99,78,66,50,70,0,55,0,68.59,77,40,90,83,16.9,5.7,82.6,4.1,5.7,1.1,4295.773437,863631.5311
100,78,66,50,70,47,57,14,54.52,62,24,88,83,17.2,8.4,79.3,4.8,3.5,1.2,6982.205891,1597761.998
101,78,66,57,80,37,57,3,64.44,74,53,59,50,12.7,9.3,50.8,28.1,5.6,1.5,14546.51856,6575861.693
102,82,66,53,79,0,53,29,51.26,58,10,92,72,17.8,5.7,89.8,1,0.1,0.8,5455.594464,1598155.603
103,82,66,50,70,0,55,9,71.02,79,43,94,88,19.1,6.8,90.4,1.3,1.4,0.7,4077.984549,1038226.522
104,82,66,48,79,19,54,29,45.02,49,16,90,85,15.6,7.7,73.5,10.2,8,0.8,11196.05413,3925987.346
105,82,66,74,79,0,54,84,57.29,66,15,95,82,18.2,6.9,94,1.6,0.1,0.3,7019.810864,2211852.588
106,82,66,61,70,0,55,79,73.79,81,47,93,79,17.7,8.1,91.1,1.1,1.4,0.4,5400.133402,1777775.738
107,82,66,74,70,0,55,57,73.79,81,47,98,74,17.5,8.6,96.8,2.1,0.6,0.1,4583.486631,1000341.37
108,82,66,61,70,0,55,0,73.79,81,47,95,77,15.8,8.9,96.3,1.8,0.9,0.4,5959.643648,1027747.594
109,82,66,72,70,0,55,46,73.79,81,47,97,81,16.6,7.4,96.2,1.8,0.5,0.4,4034.86914,788628.7508
110,82,66,57,70,0,56,0,73.79,81,47,95,72,18.4,8.5,95.3,3.2,0.8,0.1,4172.838341,776224.365
111,78,66,68,70,0,56,15,73.79,81,47,94,80,18.5,7.1,97.3,1.4,0.5,0.3,4292.156076,872895.3641
112,78,66,64,70,0,56,0,73.79,81,47,98,77,16.5,8.7,96.6,2,0.3,0.2,4177.72247,780481.8177
113,82,66,50,70,0,55,9,73.79,81,47,98,99,21.2,5.5,95.5,0.9,0.3,0.5,4108.434648,813122.0212
114,78,69,71,70,0,59,92,73.67,81,46,96,96,19.5,4.3,94.5,2.9,0.3,0.6,5666.792074,1712446.07
115,78,66,56,70,0,57,64,73.79,81,47,84,86,18.1,6.1,76.7,5.5,3.7,0.7,6257.824575,2444775.743
116,78,66,71,70,0,59,84,73.79,81,47,88,64,16.5,7.5,93.8,3,2.3,0.4,5255.651105,1647890
117,78,66,70,70,0,59,55,73.79,81,47,91,90,17.1,6.2,93,3.4,1.8,0.5,4166.263867,774543.1162
118,78,66,65,70,0,57,32,73.79,81,47,97,86,17.1,9.9,87.7,3.3,7.1,0.7,5096.647645,882274.1972
119,85,66,31,70,0,50,0,64.44,74,53,67,59,13.5,10.1,67.1,19.7,5.8,1.9,8848.489357,3700330.625
120,85,66,31,66,0,51,0,64.44,74,53,82,64,14.1,8.5,76.3,16.2,3.4,1.5,8593.222317,2972111.398
121,82,54,10,74,0,50,0,64.44,74,53,66,29,11.4,10.2,58.9,27.5,7.2,1.5,13130.79678,5619157.553
122,82,66,20,81,0,52,50,63.87,73,52,74,54,14,9.1,68.6,16.9,9.1,1.6,18415.56571,4742108.641
123,82,66,24,70,0,52,0,64.44,74,53,75,44,14.4,11.6,76.4,15.7,4.6,0.6,7313.716128,2112274.308
124,82,66,36,79,0,52,0,43.35,47,5,85,79,17,6.3,84.9,7.5,2.3,1.3,6375.947027,1491156.165
125,85,66,31,79,0,52,0,56.71,65,36,88,70,15,7.4,88.9,7.7,1.3,0.8,5273.580716,1617334.299
126,85,66,31,70,0,51,9,64.44,74,53,84,68,16.3,5.4,79.8,10.1,3.3,0.7,5338.695703,1713078.75
127,85,66,61,62,0,49,9,64.44,74,53,60,42,14.5,10.3,70.8,18.8,6.1,1,7913.064085,3070018.935
128,85,66,31,70,0,52,0,64.44,74,53,82,86,16.5,16.3,76.2,14,2.5,0.8,2353.370215,341503.2548
129,85,66,31,70,0,51,0,64.44,74,53,88,88,19.8,3.3,86.8,4.5,4.3,1,2337.124136,340158.5351
130,91,54,91,70,0,48,36,64.44,74,53,60,24,13.2,7.4,63.8,20.1,7.4,1.6,13708.25919,8395858.237
131,85,66,62,70,0,57,62,64.44,74,53,84,58,15.4,9.3,85.4,11.3,1.2,0.6,7307.352861,3245333.284
132,91,53,29,92,0,46,0,46.16,51,32,28,9,9.2,16.1,15.9,55.8,20,4.8,22763.91268,22505486.87
133,85,54,88,66,0,50,46,64.44,74,53,78,69,16.6,8.2,85.4,8,3.6,0.5,9713.986123,3850253.533
134,85,53,59,70,0,48,0,53.41,61,46,16,3,9.3,17,13,65.5,15.6,3.3,7044.756762,1670138.51
135,85,53,61,70,0,48,0,53.41,61,46,20,3,10.5,16.7,22.3,58.6,12.6,2.8,7499.256451,2317432.069
136,85,53,44,70,0,47,0,51.4,58,43,33,10,8.8,13.3,13.5,62.6,18.1,2.8,12108.08204,6347378.217
137,85,54,75,66,0,49,0,53.41,61,46,10,28,9.6,21.9,16.1,63.5,14,3,11158.12919,3713996.862
138,85,54,70,70,0,49,0,53.41,61,46,54,29,10.8,16.1,34.2,42.4,17,2.9,8665.39363,2161209.976
139,82,66,73,79,0,52,48,60.74,70,45,90,84,18.1,7.3,89.4,5.5,1.4,1.2,5049.805429,1173333.67
140,82,66,73,79,0,51,9,59.37,68,42,65,38,14.1,9.1,63.9,9.6,21,1.5,7664.421292,1620449.744
141,85,66,32,79,0,53,25,59.89,69,43,91,69,14.7,8.1,91.5,6.1,1.6,0.2,4795.803524,1016250.673
142,85,66,57,79,0,53,25,59.2,68,41,82,55,17,5.7,85.3,5.6,6.4,1.3,5408.161523,1452661.542
143,85,53,45,70,0,46,0,28.38,22,44,24,3,9,17.8,9.4,60.6,22.8,3.8,5423.330394,1661160.743
144,85,53,82,70,0,45,0,28.38,22,44,14,25,8.5,19.3,9.7,54.8,31,2.6,6988.699415,3200173.149
145,85,53,50,70,0,46,0,25.75,17,27,15,1,8.2,16.2,8.9,56.8,29.9,2.9,13543.40373,3767331.113
146,85,53,47,62,0,45,0,28.38,22,44,8,30,10.1,18.6,10.1,62.8,21.5,2.8,5453.30941,1210674.513
147,85,53,90,70,0,44,0,27.09,20,38,22,4,13.4,11.5,7.3,41.6,45,3.9,11236.75286,4113852.576
148,82,66,72,70,0,52,0,50.8,57,9,70,56,10.8,26.8,57.4,29.2,9.6,0.9,9737.358771,3990262.92
149,82,66,70,70,0,51,0,51.84,59,42,34,20,11,13,37.7,37.7,18.2,2.7,5549.060989,1744819.178
150,82,66,70,70,0,51,0,53.41,61,46,60,46,11,13,43.8,32.7,16.6,2.6,6448.067313,1802960.046
151,82,66,73,70,0,53,0,69.28,78,29,75,39,11.8,13.3,75,14,6.5,1.6,6498.603348,1887958.393
152,82,66,74,79,0,53,51,61.07,70,12,84,68,15.2,9.9,92.6,3.1,2.4,0.8,7583.662761,1757618.276
153,82,66,63,70,0,54,0,61.6,71,22,73,40,13.2,11.3,70,15,10.2,1.6,7415.178153,3296156.944
154,82,66,58,70,0,54,0,57.23,66,18,75,44,12.9,10.6,64.9,17.9,10.8,1.6,4958.886664,1467747.074
155,82,66,65,70,0,53,0,74.19,82,36,66,37,12.5,11.7,60.5,23.8,9.7,2,5315.776911,1731401.827
156,82,54,64,70,0,52,0,48.53,54,34,49,45,12.1,13.2,42.1,35.3,16.9,2.7,6614.920052,2330151.631
157,82,54,60,70,0,52,0,59.29,68,34,59,45,11.5,13,46.2,33.3,14.7,2.5,6117.91189,2052849.917
158,85,54,70,70,0,50,22,53.41,61,46,40,28,12.7,13.2,39.2,39.3,15.4,2.5,5009.9752,1556348.684
159,85,53,56,70,0,48,22,50.9,57,42,52,29,9.3,16,29.2,49.9,14.7,3.3,9296.987896,2815743.368
160,85,53,51,70,0,49,22,51.41,58,43,33,42,10.7,14.3,27.3,50.2,16.2,3.2,7660.080402,2739857.356
161,85,53,48,70,0,48,0,32.27,29,41,21,10,8.5,18.8,14.9,58.8,19.7,2.7,9567.283127,4866108.779
162,85,53,41,70,0,50,22,39.34,41,42,21,36,9.2,15.8,18.1,41.4,32.5,3.4,5447.180666,1711963.246
163,85,53,44,70,0,48,22,25.4,17,27,27,13,9.6,19.2,20.7,56.9,16.3,2.9,8901.742149,3847405.761
164,85,53,47,70,0,50,0,29.16,24,13,51,51,8.9,9.5,29.3,37.6,23.2,4.3,7891.069474,2937271.879
165,85,53,47,70,0,51,0,38.7,40,44,25,36,8.4,19.1,21.4,50.2,19.2,3.3,6587.592103,2279103.892
166,82,53,61,70,0,51,0,50.36,57,34,54,39,11,14.8,32.1,41.3,20.5,2.7,6697.450316,2658348.191
167,85,53,83,70,20,45,0,34.83,33,31,17,17,6.6,20.8,13,66.8,13.8,3,9203.261216,5394839.134
168,85,53,60,70,0,50,57,49.36,55,51,33,27,9.2,20.8,19.6,57.4,15.8,3.1,8376.248619,3328227.929
169,82,53,60,70,0,47,0,41.76,45,43,42,23,9.2,19.2,19.3,54.8,18.8,3.3,7429.216384,2622046.971
170,85,53,49,70,0,50,80,47.69,53,51,57,34,11.5,14.3,40.3,36.1,17.2,2.7,7646.529595,3595744.462
171,82,53,48,70,0,52,2,47.45,53,64,26,3,7.8,21.1,17.8,64.8,10.7,2.6,9761.024676,5705234.757
172,85,53,41,70,0,51,0,26.08,18,15,3,96,0.1,0.2,31.7,26.8,12.4,4.6,8213.068192,2214406.579
173,82,53,41,70,0,51,51,49.9,56,75,21,57,7.8,9.2,22.6,43.1,21.8,4.2,7488.708276,1492540.713
174,85,53,41,70,0,50,0,33.2,31,24,12,61,8.8,10.6,24.7,40.1,24.4,4.1,6704.318109,2019466.222
175,85,53,41,70,0,51,79,45.03,49,53,24,49,10.2,9.1,33.2,36.6,20,3.6,6929.704558,2553271.224
176,85,53,41,70,0,50,32,59.01,68,67,23,40,8,21,17.5,55.6,18.8,3.4,8080.538626,2406453.036
177,85,53,38,70,0,50,24,55.72,64,61,82,82,17.3,5.4,79.4,10.8,6.9,1.2,4627.803088,1221361.821
178,85,53,53,70,0,52,51,38.1,39,36,55,55,13.5,9.9,46.2,33.4,12.2,2.9,7547.152257,2792396.378
179,85,53,37,70,0,51,77,44.38,48,57,61,79,14.6,7.7,57.4,21.6,14.8,2.2,4099.568082,1033192.064
180,85,53,37,70,0,50,51,41.83,45,33,69,67,12.4,9.8,51.4,24.3,14.3,2.8,4797.119654,1394955.652
181,82,66,57,70,0,54,0,74.68,82,56,70,49,14.8,6.4,45.6,10.3,37,1.8,4312.133016,1140525.097
182,82,66,57,70,0,54,0,54.21,62,23,65,69,11.8,11,58.7,21.7,13.4,1.9,5061.881949,1524231.596
183,82,66,60,70,0,54,0,74.12,81,55,86,79,15.8,10.3,66.1,13.3,12.9,2.5,5065.988796,1163925.536
184,82,54,60,70,0,53,22,80.01,85,64,49,34,10,14.4,36.9,31,25.2,2.3,6678.121539,2664304.38
185,82,54,60,70,0,53,22,80.01,85,64,24,14,11.4,14.6,32.5,45.2,14.4,2.7,5979.380586,1953860.021
186,82,53,63,70,0,53,0,62.57,72,43,33,44,10.4,16.7,27.2,50,15.2,3,9678.413944,3002494.811
187,82,53,69,70,0,54,44,74.48,82,57,43,55,11,13.3,39.2,39.8,16,1.8,6683.720409,2635960.659
188,82,54,70,70,0,55,44,67.06,76,47,58,45,9.4,12.4,39,36.5,16.9,2.6,6537.957411,2584431.167
189,82,66,60,70,0,54,0,80.01,85,64,95,98,23.1,2,90.6,3.3,1.6,0.8,2209.365784,300149.5152
190,82,66,60,70,0,54,0,80.01,85,64,100,99,22.3,1.8,92.9,1.7,2.5,0.6,2185.66435,291010.2462
191,82,66,79,70,0,55,9,48.2,54,22,90,97,18.5,3.8,82.5,7.1,4.2,1.6,3057.474297,555995.1373
192,82,66,57,70,0,54,0,72.86,81,54,91,93,20.5,4.9,83.4,4.4,7.8,0.9,3027.204645,493460.8226
193,82,66,57,70,0,55,0,80.01,85,64,89,97,21.2,2.2,86,3.8,5.2,0.8,2860.827175,475398.8981
194,82,66,62,70,0,55,0,58.81,68,32,88,90,17.7,5.3,75,5.1,15.4,1.3,3675.311228,815495.4324
195,78,66,68,70,0,59,22,68.45,77,40,78,30,12.2,9.6,70.5,9.7,16.9,2,5157.678774,1574723.795
196,78,66,59,70,0,57,15,73.79,81,47,92,61,14.2,8.5,86.5,5.3,6.8,0.8,7967.974575,2498272.772
197,82,66,57,70,0,55,0,70.5,79,42,87,62,14.2,7.9,86.4,6.4,5.3,0.6,4777.360041,1395900.557
198,82,66,57,70,0,55,0,66.23,75,36,87,81,15.5,8,89,5,3.8,0.7,6227.107222,1416441.706
199,82,66,57,70,0,55,0,48.29,54,15,79,74,13.6,13.1,68.9,11,14.5,1.3,3722.869284,629893.46
200,82,66,57,70,0,55,0,90.75,90,75,90,83,17.3,5,69.6,6.8,17.7,1.5,3451.973559,728736.4306
201,82,66,57,70,0,55,0,95.94,92,80,97,98,22.5,2.1,94.1,2.2,1.3,0.4,1715.569125,179944.6686
202,82,66,57,70,0,55,0,58.02,67,28,79,83,12.1,9,54.6,9.6,30.4,1.9,3088.942264,477339.1986
203,82,66,57,70,0,55,0,72.93,81,51,89,87,17.1,4.3,80.2,4.7,10,1.2,2260.679541,322003.2629
204,82,66,57,70,0,56,0,69.56,78,41,95,59,13.7,8.2,81.8,7.7,7.6,1.3,5234.058383,1647302.446
205,78,66,56,70,0,59,24,77.01,83,57,70,36,11.8,13.5,47.4,26.8,22.4,1.8,7515.798742,1926365.837
206,78,66,57,70,0,57,0,69.74,78,41,84,52,13.2,8.6,78.2,8.9,11.1,0.7,5523.16155,1820365.728
207,78,66,56,70,0,56,0,85.98,88,69,80,49,13.5,9.1,64,11.7,21.3,1.6,5417.530014,1541984.669
208,82,66,59,70,0,55,0,83.87,87,68,83,79,14.6,6.6,77.9,7.7,10.1,2.2,3780.229756,830655.4418
209,82,66,55,70,0,56,0,81.11,86,66,89,93,16.1,5.4,76.4,5,15.2,1.1,5999.446037,809877.939
210,78,66,55,70,0,56,0,95.94,92,80,94,98,20.2,3.3,92.8,2.7,3.8,0.3,2941.595465,525418.0898
211,82,66,57,70,0,55,0,95.94,92,80,97,100,22.5,1.9,91.9,2.3,2.3,0.6,2034.747154,201393.3415
212,82,66,55,70,0,56,0,95.94,92,80,90,95,16.7,5,69.2,8,15.5,1.7,3783.969867,665184.5593
213,82,66,57,70,0,56,0,95.94,92,80,84,95,14.3,11.9,72.7,10,14.4,1.1,5836.108651,808814.4326
214,82,66,55,70,0,55,0,83.35,87,66,93,94,19.3,5.5,77.6,4.7,14.2,1.3,2259.077123,301205.7819
215,82,66,56,70,0,55,0,89.39,89,74,92,99,22.9,4.6,85.8,5.3,5.3,1.4,2244.275949,305302.3758
216,82,66,57,70,0,55,0,83.57,87,66,93,94,18,6.2,82.2,6.2,6.6,0.9,3116.911181,567934.0934
217,78,66,55,70,0,58,6,95.82,91,80,77,64,11.6,9.2,61.1,16.2,19.5,1.4,6844.009123,2519413.29
218,78,66,55,70,0,59,24,84.58,87,67,74,79,13,10.7,56.7,17.7,20.6,2,6408.307021,1558945.942
219,78,69,68,70,9,60,22,63.98,73,68,85,73,12.3,10.3,62.6,24.1,10.5,1.5,7280.474888,2998113.587
220,78,82,66,70,13,60,81,78.9,84,95,82,57,12.5,9.1,59.6,26.8,9.9,2,4853.96145,1215849.88
221,78,82,63,70,0,61,14,77.04,83,56,76,73,14.4,7.4,69.6,17.2,9.8,1.3,3976.904724,691384.4954
222,78,69,60,70,0,60,75,69.26,78,49,74,66,13.1,10.9,57.8,34,5.7,1.4,13914.8683,11060449.72
223,78,69,71,70,0,59,62,75.95,83,53,83,63,12.9,11.7,70.7,11,16,1,6796.93358,2978071.408
224,78,82,71,70,0,60,9,77.04,83,56,87,59,13.4,8.9,83.3,7.7,6.3,1.4,4078.982805,738480.9628
225,78,82,71,70,0,60,16,77.04,83,56,88,94,19.2,4.9,85,6.5,4.4,0.9,6704.518027,1958125.659
226,78,69,66,70,12,60,55,78.9,84,95,48,27,10,14.7,36.1,36.8,22.4,2.8,6025.123251,1663628.749
227,78,82,66,70,9,61,58,78.9,84,95,87,86,16.5,5.1,75.8,13.2,5.5,1.6,3892.702447,708170.6291
228,78,82,67,70,8,61,53,67.25,76,81,79,81,13.3,8.1,67.7,17.3,8,1.2,5512.857124,1391642.242
229,78,82,67,70,8,61,70,63.37,73,77,86,61,12.7,8.7,78.8,13,5.7,1.1,7442.550209,2479958.961
230,78,69,65,70,2,60,72,70.59,79,87,69,58,10.1,13.9,36.5,41.5,18.2,2.3,11317.84655,4776010.629
231,78,82,93,70,1,62,37,77.04,83,56,83,71,16,7.7,86.1,7.3,4.9,0.8,4939.5643,1053408.941
232,78,82,93,70,1,62,36,77.04,83,56,91,71,14,7.8,79.4,10,8.3,1,4448.580798,604712.8775
233,78,82,91,70,1,61,53,77.04,83,56,94,79,15.9,6.7,80.3,12.6,1.7,0.6,5661.541546,1512424.417
234,78,82,94,81,0,62,90,76.89,83,56,87,70,15.9,6.7,86.4,8.9,3.1,0.8,7190.449022,2497325.118
235,78,82,66,70,5,61,90,78.9,84,95,92,96,17.2,7.6,83.2,7.6,3.3,1.2,4108.011666,1038512.81
236,78,82,66,70,4,62,88,71.23,79,89,88,82,16.3,7.2,79.9,9.3,6.4,1.2,4584.897263,1269147.072
237,78,82,93,70,0,62,79,73.24,81,52,92,87,18.2,5.1,90.4,5.2,2.2,1,5030.559336,1485893.707
238,78,82,94,81,0,62,75,65.77,75,42,87,65,15.1,7.1,88,6.4,4.3,0.8,3650.283813,828235.7316
239,78,82,94,81,0,63,78,42.38,46,46,77,87,14.8,7.3,62.1,25.4,7.4,2.3,4960.183341,1322211.741
240,78,82,77,74,0,63,14,56.44,65,78,82,66,12.9,9.7,63.6,24.6,5.4,2.5,4256.14827,1145237.033
241,78,82,66,70,0,62,88,60.29,69,80,88,91,17.3,4.1,81.8,9.3,3.3,1.5,4708.242683,861436.2348
242,78,82,66,70,0,62,72,68.36,77,89,83,85,17.4,5.1,77.6,13.5,3.5,1.4,2924.935584,473527.6103
243,78,82,66,70,0,62,77,62.29,72,86,92,74,16.7,4.7,82.9,10.8,2.7,1.2,4262.525133,1111994.648
244,78,82,93,70,0,62,79,61.15,70,84,90,89,14.7,7.7,85,8.7,3.2,0.6,3786.190283,883637.8656
245,78,82,66,70,6,61,94,56.64,65,75,56,52,11.4,8.8,45.6,22.6,25,1.8,6536.259644,1917531.58
246,78,82,66,70,0,61,61,57.91,66,76,74,79,13.3,8.5,60.2,26.5,7.8,2.5,4818.566721,928497.2616
247,78,82,66,70,0,61,85,56.33,65,74,66,83,12.2,15.4,50.8,39.2,4.4,2.2,4960.712355,1284953.14
248,78,66,63,70,0,61,61,48.97,55,59,84,86,13.5,10.1,57.2,31.8,6,2,3531.792739,733095.1981
249,78,69,67,70,0,61,44,59.5,69,81,83,79,15,8.1,56.9,32.8,6.2,1.9,5425.255139,1147764.382
250,78,66,55,70,0,60,61,44.2,48,56,72,72,13,12.9,49.9,37.1,7.8,2.2,4510.16613,1170343.527
251,78,69,66,70,0,61,6,54.05,62,93,61,76,11.7,9.8,51.7,38.1,4.8,2.6,4568.733491,747787.661
252,78,69,83,70,0,61,0,33.69,31,47,57,47,10.3,13.6,33.3,55.3,4.8,2.4,6756.694494,2242038.14
253,78,66,78,70,0,61,0,57.53,66,96,59,74,11.3,12.8,38,49.9,6.3,2.6,5243.771109,1363219.674
254,78,82,80,70,0,61,4,50.18,56,68,40,46,11.5,13.3,29.5,56.7,7.9,2.8,4830.390381,1394304.356
255,78,82,82,70,0,62,22,39.61,41,50,46,56,11.1,10.9,27,60.4,5.2,2.7,6450.713662,1884366.213
256,78,82,78,70,0,62,29,65.25,75,89,69,66,12.6,8.5,54.7,33.3,5.4,2.1,5554.019919,1895957.618
257,74,82,83,70,12,62,9,33.01,30,31,25,37,9.8,10,29.6,51.3,10.8,3.2,4329.634539,974489.548
258,74,82,83,70,0,62,0,38.37,39,53,21,20,10.8,14.4,12.1,76.5,4.4,3.4,6163.78075,1978068.37
259,74,82,82,70,12,63,36,55.11,63,58,64,69,12.4,6.7,53.2,31.6,6.3,3.1,3904.879704,951984.5125
260,78,82,67,70,0,62,33,70.64,79,93,91,88,14.9,7.2,75,18.3,3.6,1.2,2921.414842,474529.1959
261,78,82,83,70,0,62,2,70.64,79,93,76,82,13.1,8.8,60.3,27.1,3.5,2.2,2921.77536,475891.4363
262,78,82,83,70,0,62,2,35.62,35,26,73,83,14.6,6,60.3,29.2,4.2,2.1,2922.431635,475661.381
263,78,82,86,70,0,63,47,58.36,67,80,70,38,11.5,10.4,57.9,30.6,6.9,2.1,4865.619919,1423738.333
264,74,82,76,70,2,63,24,54.84,63,58,84,77,14.5,5.8,75.7,16.2,3.8,1.5,2934.212855,477470.4842
265,74,82,76,70,3,63,50,57.11,66,62,72,84,12.8,4.8,63.9,23.2,5.7,2.3,2924.720873,475152.9867
266,74,82,76,81,0,63,36,42.55,46,35,81,56,13.1,8.3,69.6,22,4.4,1.3,4631.58902,1306788.265
267,74,82,83,70,0,62,2,34.51,33,43,46,44,13.9,12.7,19.6,71.1,3.5,2.3,4860.619056,1426845.74
268,74,69,78,70,0,61,0,57.53,66,96,28,37,9.9,12.8,22.5,63.8,6.6,3.3,5180.643118,1180672.693
269,74,69,78,70,0,61,37,32.59,30,72,10,35,11.6,13.3,15.5,69,7.7,3.3,5276.574696,1641831.652
270,74,69,83,70,0,61,4,18.92,7,15,20,28,10.2,13.7,12.7,73.3,6,2.9,6574.018435,1993776.869
271,74,82,83,70,1,62,0,40.81,43,58,35,58,9.5,17.5,24.5,57.8,7.4,3.4,2959.895233,492752.4738
272,74,82,83,70,0,62,0,40.81,43,58,38,58,7.3,11.5,20.5,64.3,4.6,4.1,2889.812097,458159.9836
273,74,82,83,70,11,62,6,31.61,28,27,35,51,9.3,8.8,19.4,64.4,5.7,3.5,5852.080733,1898592.114
274,74,82,82,70,11,63,52,42.28,45,34,50,49,9.6,8.1,30,54.5,6.2,3.5,5851.323271,1904898.475
275,74,82,76,81,1,63,71,49.9,56,48,66,71,11.1,7.1,47.5,36.3,5.2,2.8,7140.490652,1537126.566
276,74,82,76,70,1,63,71,57.11,66,62,47,75,8.3,8.8,36.4,38.5,10.8,4.3,4883.311076,928587.3335
277,74,82,76,70,1,63,50,57.11,66,62,15,45,6,6.2,27.4,46.7,7.2,4.2,3706.250714,581275.5453
278,74,82,76,70,0,63,29,39.17,41,28,31,36,6.8,7.2,20,59.9,6.6,3.8,4093.451875,1020286.362
279,74,82,76,70,0,64,39,57.11,66,62,41,49,7.5,7.7,29.2,53.7,7.1,2.6,3405.306136,681272.5645
280,74,82,76,70,0,64,52,37.03,37,27,29,69,6.1,6.5,16,63.3,8.3,4.2,3547.182486,761182.2321
281,74,82,76,79,0,64,52,36.01,35,24,15,33,8.8,15.8,13.7,71.5,6.4,4,5451.443161,1496143.981
282,78,66,55,70,0,59,0,98.74,93,95,76,75,15.4,6,61.9,21.7,8.7,1.9,4535.97825,1258431.812
283,78,66,55,70,0,60,71,60.87,70,63,84,87,14.9,5.2,61.7,25.9,5.2,2,2766.823384,417473.0852
284,78,66,55,70,0,59,41,98.74,93,95,71,78,13.7,8.5,52.5,32.4,8,2.4,4156.723623,1036301.345
285,78,66,55,70,0,56,0,98.58,92,95,73,70,14.8,8.8,61.7,20,10.4,1.7,7240.046688,2252664.234
286,78,66,55,70,0,57,0,98.74,93,95,84,91,14.1,10.6,63.8,19.2,10.5,1.5,3915.946136,955764.1159
287,82,66,87,70,0,55,25,48.77,55,35,61,67,11.4,10.2,49,29.8,10,3.1,5557.000843,1544858.763
288,82,54,87,70,0,57,62,74.19,82,78,89,93,16.9,4.9,73.2,15.3,4.8,1.5,9280.417535,3195932.897
289,82,66,87,70,0,56,25,41,44,14,92,95,19.8,2.6,82,6.2,6.5,2.1,2959.37585,533564.5186
290,82,54,87,70,0,55,0,74.19,82,78,76,85,16,4.9,74.5,14,5.8,1.1,3588.741484,633146.1389
291,82,54,87,70,0,55,0,74.19,82,78,68,88,14.9,13.7,53.1,27.8,9.3,2.8,3653.520113,644768.4415
292,82,54,85,70,78,55,0,74.19,82,78,71,86,15.7,3.6,72.7,14.2,5.9,1.3,3909.915731,953963.8018
293,82,66,86,70,0,55,0,74.19,82,78,71,70,15.1,7,60.8,24.2,7.1,2.2,3599.060735,800905.5994
294,82,66,82,70,0,56,53,47.74,53,43,65,54,14.1,8.1,55.2,31.6,6.4,2.1,5010.833398,1388423.629
295,82,66,86,70,0,55,25,51.82,59,41,70,82,14.2,6.5,59.7,24.6,7.7,1.7,3637.71581,838401.3233
296,78,66,55,70,0,57,41,98.74,93,95,81,82,15,12.6,65.2,21.2,7.8,2.1,3903.682002,939495.6381
297,78,66,55,70,0,56,41,98.74,93,95,68,73,13.2,7.5,50.9,28,11.5,2.4,3887.80326,942641.1712
298,78,66,55,70,0,56,61,66.68,76,71,80,86,12.3,15.8,60.4,27.7,6,1.5,4859.718389,903876.9321
299,78,66,66,70,0,58,64,44.66,49,45,80,89,12.9,6.6,60.8,23.5,7.9,1.8,4954.18693,995487.3033
300,78,66,55,70,0,59,0,98.74,93,95,81,85,14.7,8.3,67.1,20.2,5.3,2.4,3909.410448,958286.4271
301,78,66,55,70,0,60,32,76.58,83,84,74,63,14,8.6,54.6,33.8,6.2,2.6,3898.753989,947347.6181
302,78,66,60,70,0,60,0,49.54,56,73,69,60,14.2,7.6,47.5,42,4.9,2.4,3898.764414,948194.7532
303,78,66,60,70,0,60,0,69.43,78,88,87,79,14.7,5.3,68.1,18.2,6.1,1.6,3904.607077,954338.2903
304,78,66,77,70,0,60,27,57.53,66,96,98,95,16.9,3.9,79.1,11.1,3.8,1.4,3601.818638,808032.7989
305,78,66,77,70,0,60,22,57.53,66,96,59,70,12.5,8.2,44.5,44.9,4.5,1.8,3689.275196,813326.992
306,78,66,77,70,0,58,59,66.93,76,90,85,94,15,5.3,77.8,13,3.6,1.4,4567.933049,1001454.743
307,78,66,77,70,0,60,38,65.74,75,89,94,99,17.7,3.4,85.4,7.3,3.4,1,3578.136838,601111.4325
308,78,66,77,70,0,60,61,63.48,73,87,45,40,13,9.8,36.2,50.5,6.1,2.9,8300.878917,2543627.152
309,74,66,77,70,0,60,43,46.53,52,86,19,39,8.7,15.7,17.1,65.7,7.7,3.1,4883.482473,1425925.9
310,78,66,77,70,0,60,33,56.62,65,95,66,74,12.9,7.7,48.6,40.4,3.6,2.8,5108.093423,1000576.315
311,74,66,77,70,0,61,0,51.78,59,92,23,24,10.2,13.3,17.6,70.1,5.4,3.3,5361.551443,1660567.602
312,74,66,77,70,0,61,27,27.26,20,59,19,18,9.2,16.1,13.5,70.1,7,3.1,6277.235384,2430229.854
313,78,66,77,70,0,58,6,34.43,32,43,34,36,8.5,9.7,14.8,60.5,10.2,4.7,3493.600276,720279.069
314,74,66,77,70,0,60,56,41.52,44,54,14,34,12.1,13.6,18.4,62.8,8.9,3.5,4882.135196,1420136.239
315,74,66,77,70,0,60,36,34.51,33,85,26,24,11,10.6,14.2,65.3,8,5.4,6427.336874,1955783.336
316,85,53,37,70,0,50,32,75.99,83,83,70,78,14.6,7.2,55.7,21.2,15.4,3.3,5393.806986,1569360.704
317,85,53,37,70,0,51,36,75.99,83,83,79,54,14.1,7.1,62.9,21.3,11.1,2,6517.063741,2115125.146
318,85,53,87,70,0,53,25,61.43,71,62,60,42,12.3,11.9,42.7,42.8,8.1,2.2,5233.890995,1614136.915
319,85,53,41,70,0,53,0,45.48,50,60,50,37,11.7,12,36.3,43.7,12.1,4.1,5358.922647,1659561.292
320,85,53,37,70,0,52,6,63.65,73,68,78,68,12.2,10,62.4,20.9,12.6,1.9,5316.136762,1639257.021
321,85,53,37,70,0,51,33,75.99,83,83,57,63,12.9,9.9,46.9,28.4,15.9,2.6,5277.970595,1621135.588
322,85,53,40,70,0,49,0,69.19,78,76,70,48,12,9.2,54.5,28.9,11.9,2.1,7173.940492,3217620.78
323,85,53,43,70,0,49,22,75.99,83,83,60,76,12.5,9.8,38.1,30.8,21.1,3.3,3918.169023,958342.7351
324,85,53,37,70,0,49,2,75.99,83,83,76,59,12.4,9.3,53.1,27.2,12.8,1.5,4099.296395,1053444.815
325,85,53,37,70,0,52,38,72.11,80,78,81,61,14.1,9.2,56.7,23.7,14.6,2.1,5875.105419,1921364.841
326,85,53,70,70,0,53,25,74.19,82,78,57,38,11.7,9.6,48.6,36.8,9.1,2.3,5889.416098,1932085.901
327,85,53,51,70,0,53,0,65.74,75,66,49,47,13.3,12.2,33.3,52,7.7,3.3,4869.511828,1422655.998
328,85,53,81,70,52,53,0,67.11,76,69,65,53,12,11.5,39.6,47.5,7.7,2.4,7769.970735,2343907.896
329,82,53,85,70,79,54,0,74.19,82,78,61,45,14.2,7.9,50.4,31.5,8.6,2.7,4387.061132,1186498.802
330,82,53,87,70,0,54,36,74.19,82,78,61,54,12.7,10.7,46.6,35,10.8,2.8,6971.000574,2011715.329
331,85,53,37,70,0,52,32,70.7,79,77,75,77,12.9,10.8,54.8,25.7,11.8,4.4,5830.132059,1879844.521
332,85,53,37,70,0,49,2,75.99,83,83,77,66,11.1,19.2,47.8,36.2,10.9,1.9,4068.825794,1027547.532
333,85,53,49,70,0,50,2,75.99,83,83,70,65,11,13.7,40,43.5,9.4,3.4,4045.391568,913504.0978
334,85,53,46,70,0,52,9,63.92,73,67,82,87,14.2,9.1,60,29.1,6,2.1,5780.639145,1936329.092
335,85,53,61,70,0,52,0,52.99,60,51,37,48,10.6,14.8,22.1,62,8,4.4,6687.850158,1750545.872
336,85,53,45,70,68,49,22,75.99,83,83,72,52,12.9,10.8,55.9,27.3,11.5,2,5236.081322,1484159.196
337,85,53,61,70,0,51,14,73.53,81,81,68,59,10.7,20.3,33.1,50.5,8.8,3.8,6265.0359,2226184.047
338,82,53,44,70,0,49,22,53.58,61,68,78,66,13,11.4,41.1,26.4,25.9,2.9,5163.404962,1566933.234
339,82,53,44,70,0,48,22,63.65,73,85,60,48,13.2,7.4,42.9,19.8,28.4,2.9,3884.176002,941740.2387
340,82,53,44,70,9,48,46,57.95,66,77,73,48,12.8,8.4,45,27.8,17.5,3.4,4888.503294,1439246.06
341,82,53,44,70,61,48,36,54.87,63,72,67,48,11.5,11.1,46.7,33.5,12.9,2.9,6875.435438,2768160.89
342,85,53,83,70,80,49,9,49.2,55,46,43,44,11,15.2,25.3,58.6,7.6,4,5622.991795,1572258.233
343,82,53,86,70,0,50,86,36.05,35,46,16,32,9.5,13.6,13,67.6,8.8,5.3,8929.110005,3689550.38
344,78,53,34,70,0,51,9,19.89,8,8,16,3,9.3,22.1,4.3,83,4.8,4.8,12141.80346,5619873.28
345,82,53,69,70,0,54,32,37.84,38,29,24,24,13,13.3,17.9,66.1,6.7,4.6,6536.262436,1808799.418
346,85,53,61,70,0,53,32,33.75,31,19,14,31,11.9,12.9,17.6,65.6,7.5,4.7,5172.090847,1684336.859
347,82,53,79,70,76,50,85,47.37,53,58,31,43,11,17.3,9.5,76.1,6.9,3.7,9947.815451,4176893.046
348,82,53,61,70,0,52,0,53.51,61,67,23,72,10.4,10.5,27.1,49.4,9.5,4.5,2926.140483,496987.1956
349,85,53,61,70,0,52,0,53.51,61,67,35,72,10.8,12.8,26.8,53.8,7.3,5.4,3319.474875,608398.086
350,82,53,61,70,0,52,29,53.51,61,67,48,51,10.6,15.2,22,60,7.2,5.5,4687.238303,1329195.173
351,82,53,73,70,0,51,85,43.02,46,46,19,24,12.5,17.7,5.2,84.6,4.2,4.5,10543.97535,3589757.835
352,82,53,61,70,0,54,0,36.28,36,26,31,19,12.1,18.9,8.6,77.3,5.3,7.3,6273.023743,1535523.325
353,82,53,61,70,0,53,0,31.15,27,15,36,60,7.2,21.6,11.5,73.4,5.6,5.6,2996.169553,514195.7056
354,82,53,61,70,0,53,32,44.62,49,42,25,69,7.9,23,9.9,76.3,4.3,5.8,2998.58368,426797.6191
355,82,53,72,70,0,55,32,34.7,33,24,3,35,8.7,22.4,8.5,77.6,6.5,3.6,7657.449282,3626463.629
356,78,54,72,70,0,57,0,26.09,18,30,29,3,12.2,21.4,6.5,83.2,5.9,2.6,12158.64714,4970409.635
357,74,54,30,71,0,57,22,17.01,5,6,7,11,12.2,23.3,4.4,85.8,4.5,4,24177.15817,13751615.49
358,78,53,13,66,0,54,0,28.69,23,13,9,16,10.8,18,4.4,84.2,5.1,4.7,15251.75216,6918580.61
359,82,53,26,70,0,53,2,53.51,61,67,18,1,10.4,24,3.6,87.6,4.2,3.4,10222.61334,5367147.348
360,78,53,16,66,0,53,23,32.56,29,24,28,4,10.7,21.6,4.6,83.4,6,3.8,17281.41665,8887686.27
361,74,69,58,70,0,61,74,27.83,21,64,6,36,8.3,10,12.1,71.1,7.6,4.2,4332.763536,1115464.728
362,74,69,42,70,0,61,72,29.15,24,70,9,27,10.3,11.2,11.3,74.4,5.9,3.3,5656.509717,1142791.315
363,74,66,65,70,0,61,57,27.31,20,63,14,49,10.6,8.4,16,67.4,6.5,3.4,4469.630478,1026101.842
364,74,66,28,70,0,61,57,28.26,22,66,18,26,10.9,12.4,9,77.9,5.2,4,4655.440617,1027491.505
365,74,66,59,70,0,60,22,38.56,40,92,12,26,8.4,11.2,11.7,70.5,8.4,3.7,6319.195391,1859459.274
366,74,66,77,70,0,61,0,38.56,40,92,2,32,8.2,13.2,13.3,70,7.7,3.4,2624.825522,384673.8237
367,74,66,47,70,0,61,22,27.08,20,63,3,37,10.2,15.6,8.6,76.7,6.5,3.9,5226.921951,1048295.507
368,78,66,75,70,0,58,0,22.39,11,28,7,36,11.1,20.1,9.3,78.4,5.8,3,7180.922488,2933014.279
369,74,66,42,70,0,59,4,18.93,7,20,5,2,10.9,23.6,5.4,84.5,5.5,3.3,11635.90079,4883849.326
370,74,66,30,70,0,61,0,16.89,5,21,5,6,12,18.3,5.4,83.9,5.7,2.7,13792.56957,5628487.593
371,69,69,28,70,0,61,16,17.4,5,20,6,1,12,16.8,5,83.2,5.8,3.6,11818.12266,4744504.349
372,74,82,67,80,0,65,77,33.48,31,26,14,9,7.8,13.4,12.3,75,5.7,2.6,6937.122509,2605010.263
373,74,82,68,70,0,64,50,34.68,33,29,20,38,8.1,6.9,18.8,61,8.1,3.9,5188.828298,1401608.681
374,74,82,74,70,0,63,0,27.72,21,26,15,27,10.1,11.3,15.8,70.1,6.1,3.5,7340.777666,2424704.73
375,74,82,80,70,0,62,36,25,16,41,9,16,9.9,13.1,10.1,77.1,5.2,3.7,7735.54842,2573540.362
376,69,82,26,70,0,62,36,23.72,14,40,23,18,10.7,11.9,8.1,79.1,6,3.1,6998.164403,1814085.195
377,69,82,28,70,0,63,0,22.18,11,27,21,21,8.7,16.9,8.2,77.3,7.1,3.1,6174.17883,1781616.824
378,74,82,64,70,0,64,64,24.13,14,11,9,29,6.5,7.3,12.5,71.7,7.1,3.6,4980.254412,769271.4747
379,74,82,64,70,0,64,71,23.95,14,39,7,23,4.5,6.3,12.9,61.3,11.9,4.4,5088.00366,819844.2
380,69,82,64,71,0,65,34,14.08,3,9,3,10,7.9,13.6,7.1,78.1,7.1,3.5,13003.1409,4962180.917
381,69,82,47,66,0,63,44,23.66,14,40,2,9,10.3,14.9,7.3,79,6.4,3.4,13317.82572,3811594.167
382,69,82,27,70,4,63,2,15.08,3,9,18,9,12.6,16,6,83,5.9,3.5,15466.14694,7741068.105
383,69,82,26,70,0,62,44,13.73,2,7,1,2,10.7,13.4,7.3,81.3,5.3,2.8,12575.31355,3696804.707
384,69,69,60,53,0,70,23,46.03,51,48,33,17,9.8,19,27.6,41.7,25.9,3,13917.1003,6055742.261
385,65,82,67,45,0,69,22,35.57,34,15,39,18,10.2,16,33.3,31.6,30,2.7,7865.148253,2106551.919
386,65,82,67,79,0,70,2,53.64,61,30,42,48,10.3,14.9,35,30.3,30,3.2,8044.771782,1969593.572
387,65,82,67,46,0,71,74,61.39,71,41,86,88,16.5,6.9,73.5,12.6,10,1.3,6571.308066,1695627.883
388,65,84,67,19,0,72,76,69.42,78,47,90,82,17.7,8.2,82.7,3.2,12.6,0.9,6596.976037,1404728.82
389,65,84,76,45,0,72,69,61.18,70,65,50,42,9.2,15.2,45.1,26.3,24.4,2.7,4765.867663,1148380.867
390,61,84,80,46,0,74,92,61.04,70,64,62,59,11,11.6,60,16,21.1,1.3,14136.45314,3206228.716
391,61,93,82,71,0,74,72,56.06,64,55,85,81,12.4,9.6,76.3,8.9,12.2,1.5,5759.79812,1386589.094
392,61,93,84,71,0,74,6,61.33,70,65,30,23,10,10,23.4,51,18.8,3.9,7119.644431,1708767.15
393,69,84,76,81,0,70,93,60.91,70,64,70,61,10.9,10.9,55.8,27.3,12.8,1.7,9629.465331,3084404.501
394,65,93,79,71,0,72,0,38.67,40,40,6,21,7,9.1,17.5,60.4,14.1,3.7,6264.411821,1132340.483
395,65,84,76,25,0,71,38,61.33,70,65,34,19,9,17.5,31.5,36.3,28.6,2.8,4682.66337,1351557.567
396,74,82,46,74,0,67,33,20.4,8,34,11,33,6.7,11.1,11.1,71.1,8.5,3.9,14378.65796,6363346.332
397,69,82,66,66,0,65,0,20.72,9,34,0,25,8.8,16.6,5.1,82.1,6.6,3,14085.3231,5116727.112
398,61,93,84,79,0,74,0,47.04,53,40,27,13,11,17.5,14.2,62.3,16.3,4,7937.068205,2772263.242
399,65,93,84,79,0,72,0,39.29,41,50,6,28,6.7,12.6,16.1,65.3,12.4,3.9,5099.844859,879132.4612
400,65,93,84,79,0,73,0,44.14,48,66,25,12,10.3,11.6,13.2,67.3,13.5,3.5,5362.729637,1282297.416
401,61,93,84,79,0,74,28,41.34,44,25,40,31,6.7,11.5,26.9,53.5,13.7,3.1,6240.884152,1502400.282
402,53,93,84,79,0,75,45,45.63,51,31,35,40,8.1,11.8,33.3,43.5,18.1,3.2,7391.175964,1776270.281
403,53,93,82,70,0,77,44,45.01,49,23,73,54,11.1,13.3,54.5,3.3,40.2,1.1,5448.864018,1133877.42
404,53,93,83,79,0,76,38,36.15,36,15,28,34,9.4,11.5,37.8,46.2,10.4,3.2,6865.190437,2043761.167
405,53,93,84,79,0,77,61,45.7,51,31,69,80,9.7,9.2,60.1,23.4,12.4,2.1,4296.10293,897835.3744
406,65,82,29,88,32,63,0,16.87,5,19,9,8,12.5,18.7,5,86.4,3.7,3.1,23478.64755,9770337.943
407,65,69,23,87,7,62,0,15.68,4,15,3,12,12,21,4.3,83.4,6.2,4,20884.23165,11645157.33
408,65,69,20,87,4,62,0,9.31,0,5,5,12,11.3,21.1,4.8,83.2,6.7,4.4,21927.25226,11092369.67
409,61,69,21,87,34,62,0,10.65,1,12,15,11,10.1,23,5.7,82.5,6.6,3.9,25906.24405,12824262.3
410,65,69,36,64,36,61,0,7.68,0,1,5,2,10.6,20.9,4.7,79.6,9.6,4.1,19270.74105,12528464.97
411,65,66,39,70,23,58,22,12.54,2,4,2,5,9.2,27.2,11.7,71.6,12.1,3.4,27370.85523,19115599.34
412,74,54,9,91,0,62,14,33.37,31,41,5,11,10.1,14.3,8.6,65.1,22.7,2.9,11345.48084,6757331.014
413,74,66,11,37,0,62,71,41.31,44,61,19,16,10.3,13.3,8.9,54.1,33.6,2.6,7983.92527,2784469.514
414,74,54,26,96,0,61,71,33.65,31,41,27,9,9.6,13.9,8.8,60.9,26.3,3.3,15462.64746,9049216.015
415,74,66,25,95,0,62,72,41.27,44,61,27,18,10.3,10.9,16.5,58.5,20.9,3.3,8825.188748,2939368.001
416,74,66,25,37,0,62,71,28.99,23,37,29,23,9.3,8.9,13,50.3,33.6,2.4,7465.842581,1949905.487
417,74,66,39,90,0,63,78,21.05,9,45,23,27,10.2,10.5,14.3,54.9,27,2.8,7861.75751,2428339.771
418,74,66,34,95,0,63,77,21.2,10,29,39,39,10.8,15.6,11.7,59.9,24.3,3.2,11805.35296,3226423.795
419,74,69,19,96,0,64,16,14.67,3,17,10,12,10.1,17.5,9.4,76.7,10.2,3.1,23557.38419,19573235.3
420,74,69,51,96,0,65,0,16.84,5,15,17,13,9.9,21.3,6.5,79.7,10.6,2.5,24585.01872,16798134.67
421,69,69,45,96,0,65,71,16.62,5,28,24,37,10.2,16.3,12.3,67.3,15.8,3.4,17140.41889,8995607.247
422,69,69,41,96,0,67,4,19.75,8,15,14,1,9.8,18.8,8.3,61.6,26.1,3.4,15955.59612,10182084.83
423,69,69,38,96,0,68,25,29.96,25,45,22,11,10.8,19.1,12.6,66.6,16.2,4,13611.80082,6446319.434
424,69,82,50,96,0,68,4,27.95,21,44,42,41,9,15.7,18.7,55.8,20,3.1,7778.587061,3029082.471
425,69,82,64,96,0,67,0,24.87,16,55,33,32,10.4,18.3,12.5,71.1,11.9,3.7,6793.949941,1969186.944
426,74,82,75,96,0,67,0,35.16,34,56,47,42,8.8,18.2,8.3,69.9,17.4,3.5,3883.206199,798758.5775
427,74,82,75,96,0,67,0,35.14,34,56,51,66,9.4,15.2,11.4,62.7,18.8,4.1,3195.233614,601099.9693
428,74,82,75,96,0,67,29,35.16,34,56,41,8,10.7,17.1,8.7,75.6,11.9,3,4718.104626,1131179.247
429,74,82,75,96,0,67,44,35.16,34,56,52,60,8.7,15,8.1,68.2,17.9,4.9,4922.744972,1212702.117
430,74,82,75,96,0,67,0,30.71,26,43,31,7,12.3,17.5,10.5,79.1,7.2,2.4,7298.028833,1708888.412
431,78,82,59,96,0,66,2,25.23,17,44,32,24,10.6,16.6,7.4,81.2,7.1,3.6,7025.191207,2333533.676
432,78,82,78,96,0,67,39,33.51,31,76,51,27,7.7,15.9,8.4,79.4,8.4,3.4,5167.649514,878852.1166
433,78,82,79,96,0,67,81,31.91,29,70,77,78,8.6,14.4,8.6,77.7,7.6,4.9,5567.691645,974141.0344
434,74,82,78,96,0,67,97,32.65,30,74,73,73,8.7,15.5,18.9,66.8,8.3,4.7,9655.290963,3306877.933
435,74,82,82,96,0,67,89,29.83,25,60,64,50,10.3,10.8,42.6,38.1,13.9,3,5731.054219,1470672.839
436,74,82,75,96,0,68,80,31.62,28,45,59,36,8.1,17.9,21.7,56.2,16.4,4.1,5718.34199,1359205.775
437,69,82,75,96,0,69,86,34.66,33,53,54,72,8.8,13.9,17.6,63.5,13.8,4.1,4521.576531,1214609.72
438,69,82,75,96,0,68,38,37.44,38,66,48,61,9.3,15,18.9,52,21.6,4.9,4115.351147,1059121.941
439,69,82,75,96,0,68,40,35.62,35,57,56,69,9.6,15.1,16.2,61.5,17,4.3,3472.604282,698149.6076
440,69,82,62,96,0,68,0,38.24,39,75,48,56,9.3,19.4,14,64.2,16.1,4,6251.104685,1603329.807
441,69,82,74,96,0,68,0,38.17,39,75,51,62,7.5,18.5,15.3,62.6,15.6,4,3556.276568,738995.5772
442,69,82,53,96,0,68,0,35.28,34,66,67,65,8.2,16.8,12.5,70.8,12.5,3,2449.303105,348177.1977
443,69,82,53,96,0,68,2,38.24,39,75,64,72,8.2,14.7,15.7,61.3,17.5,4.3,2847.342694,497705.6592
444,69,82,67,95,0,69,9,47.01,53,80,53,58,8.9,14.1,21.6,56.5,18,2.4,6736.983777,1517099.557
445,69,82,67,96,0,69,4,49.72,56,90,68,83,8.3,14.4,22.1,55.1,18.3,3.7,3527.17173,807809.1351
446,69,82,62,95,0,68,22,35.29,34,60,50,61,9.4,11.9,25.7,39.4,28.3,3.8,4547.466841,838252.5228
447,69,82,71,96,0,69,0,34.92,33,60,79,85,7.2,23.1,14.5,68.8,12,3.7,3935.282216,728217.8317
448,69,82,72,96,0,69,0,58.06,67,97,67,79,9.8,14.3,23.8,59.7,12.1,3.4,4030.359554,747920.0833
449,69,82,76,96,0,71,82,59.28,68,62,61,59,9.8,13.5,21.1,51.1,23.5,2.3,4870.162373,1026863.501
450,69,82,76,96,0,72,56,72.69,80,79,72,71,10.1,13.4,34.4,44.6,16.9,2.2,4457.84776,928442.5163
451,69,82,76,96,0,70,78,67.93,77,73,69,72,9.8,14.7,37.3,41.2,17,2.5,6660.718593,2010231.367
452,69,82,71,96,0,69,0,58.06,67,97,64,81,10,13.5,25.4,60,11.5,2.5,3669.384367,476863.6228
453,69,82,72,96,0,70,0,58.06,67,97,77,82,9.8,12,32.9,50.8,12.6,2.9,4213.203897,550435.6706
454,65,82,76,96,0,71,53,54.47,62,85,63,89,11.8,12.4,43.5,38.8,13.3,2.7,5712.179466,778081.9169
455,65,82,69,96,0,70,23,50.92,57,89,63,57,9.9,15.1,29.3,53.9,11.1,3.5,5544.054953,1326085.478
456,78,82,27,94,0,63,83,21.94,11,5,44,8,10.3,18.7,10.7,72.5,12.9,2.8,21205.48382,19345195.54
457,78,82,25,83,0,65,43,36.48,36,39,31,54,10.5,12,13.7,67.3,14,3.3,5148.967134,1611891.548
458,78,82,42,94,0,66,29,35.07,34,37,44,38,10.1,11.4,13,71.5,9.5,4.1,5039.633758,1343024.191
459,78,82,25,83,0,64,40,36.88,37,29,22,2,10.4,19.5,10.8,69.6,15.5,3.4,6880.742047,1559680.748
460,78,82,74,83,0,63,94,38.09,39,32,42,28,10.4,13.2,23.7,61,10.9,3.3,7453.919112,2063081.716
461,78,82,94,83,0,63,97,38.06,39,32,64,64,12.3,6.9,57.7,27.8,9.2,2.3,9161.837024,2886648.138
462,78,82,34,83,0,64,95,38.08,39,32,52,50,11.3,10,32.3,43.5,17.2,3.8,6931.628354,1498725.769
463,78,82,25,83,0,65,76,32.27,29,20,12,16,9.9,13.7,20.5,58.5,15.4,2.9,5133.594046,1300568.841
464,78,82,42,83,0,66,88,24.02,14,9,52,64,7.6,22.6,16.4,66.1,12.1,3.8,4405.815947,753757.3621
465,78,82,80,83,0,66,92,31.3,28,23,46,54,7.1,20.5,14.5,65.3,12.6,4,4991.895349,1543462.07
466,78,82,83,95,0,67,95,32.34,29,28,49,68,9.6,11.4,17.9,66.4,8.8,4.8,5967.889958,1477746.821
467,78,82,83,83,0,66,90,39.64,41,24,53,29,10.1,14,30.1,54,10.3,3.3,8705.220229,3148661.099
468,78,82,78,83,0,65,85,44.44,48,32,36,20,10.8,13.4,31.9,52.8,11,2.6,7898.129805,3168723.313
469,78,82,85,83,0,64,77,38.07,39,33,34,25,10.6,11.1,32.2,51.2,12,2.6,5792.711072,1943516.765
470,78,82,87,83,0,63,86,40.63,43,41,52,30,10.6,13.1,39.1,45.7,10.8,2.3,6668.564894,2490033.96
471,78,82,76,83,0,64,0,39.76,42,38,41,39,11.3,11.7,33,55.4,8.4,1.9,5169.869489,1448847.704
472,78,82,76,83,0,64,0,39.81,42,38,31,31,12.1,13.4,25,60,10.3,2.5,5434.936011,1788348.143
473,74,82,76,82,0,65,0,36.43,36,29,29,20,11.2,14.4,16.6,70.4,8.3,3,5609.824997,1379019.801
474,78,82,78,83,0,65,9,38.62,40,35,28,25,10.8,11.5,23.3,61,10.2,3,5929.356569,2190643.346
475,74,82,75,83,0,66,39,31.28,27,19,23,26,8.4,11.4,16,64.4,11.1,3.2,9154.667153,4121509.449
476,78,84,83,83,0,67,81,41.73,45,28,37,18,8.7,16.7,19.1,65.1,10.1,3.1,7732.197108,3454772.08
477,78,84,83,83,0,67,95,46.27,51,48,59,57,10.8,8.1,43.6,40.9,8,3.2,4257.59792,867213.5171
478,78,82,83,83,0,67,96,38.27,39,34,68,57,10.9,6.3,48.7,31,12.4,2.9,4594.903979,1212612.815
479,74,82,64,,0,65,61,0,0,0,,,0,0,,,,,6354.3322,1820970.699
480,82,66,61,60,0,52,6,73.39,81,21,80,52,16.8,6.7,90.3,7.2,1,0.3,7981.055926,2787885.349
481,82,66,74,45,0,53,55,75.35,82,23,92,82,17.8,7.3,94,4.6,0.2,0.3,6078.572223,1347248.322
482,82,66,73,60,0,53,34,72.81,80,21,90,51,14.8,8.7,89.5,7.5,1.4,0.7,6860.237272,2378484.783
483,82,66,74,60,0,53,48,69.54,78,20,93,83,15.3,10.5,96.4,2,0.6,0.3,6777.988741,2515435.973
484,69,53,33,71,0,64,66,33.17,31,11,43,26,12.6,16.3,28.4,15.3,10.7,5.4,32898.30012,7988105.389
485,69,54,24,85,0,64,74,14.54,3,22,10,8,9.2,17.9,5.9,62.6,28.2,2.9,22045.41573,11083154.13
486,69,54,35,52,0,64,70,14.54,3,22,8,7,11.9,13.3,6.3,61.5,28.5,3.3,11175.15117,3824715.399
487,74,54,16,53,0,63,24,14.44,3,18,7,5,10.1,15,5.7,71.2,19.4,3.3,13692.19035,6236540.493
488,69,66,35,93,0,65,73,13.41,2,13,5,7,9,17,6.7,65.5,24.8,2.4,16596.14352,10908042.55
489,69,54,28,90,0,69,0,19.51,8,1,3,9,9.5,24.6,8.9,72.2,13,3.4,15597.90951,9873095.068
490,78,82,94,,0,63,99,0,0,0,,,0,0,,,,,8368.385375,3392421.473
491,82,54,87,70,0,54,2,74.19,82,78,,,26.2,6.2,78.6,19.3,0,0,12485.84681,4924326.7
492,69,84,45,79,0,69,48,23.16,13,21,,,7.1,7.1,35.7,57.1,0,7.1,29879.34664,31116553.05
493,53,93,88,79,0,78,63,22.73,12,2,77,98,5.5,22.6,14,28.7,56.1,0.6,13355.90516,5607406.873
494,65,54,4,79,9,55,25,11.12,1,11,,0,8.1,19.7,15.6,71.1,8.7,2.9,57217.60529,64676360.27
495,78,69,29,,0,62,6,0,0,0,,,0,0,,,,,22310.16963,12506758.47
496,78,69,65,70,43,59,0,36.02,35,21,,,9.1,3,6.1,57.6,27.3,9.1,18843.85325,10193410.21
497,85,54,86,79,0,49,4,29.46,24,4,,,0,0,25,75,0,0,15021.19718,9225958.733
498,82,54,78,70,71,56,4,22.55,12,13,,,12.9,16.1,12.4,72.6,10.8,2.7,17055.40158,12126040.57
499,78,54,11,85,0,59,0,30.96,27,39,,,0,10,5,85,0,10,37888.13883,20404683.32
500,69,43,16,74,42,65,9,39.21,41,24,33,26,11.2,12.5,19.6,34.4,4.9,6.1,14689.20014,7278330.051
501,69,53,21,61,35,67,25,43.13,46,30,37,40,12.3,10.6,42,16.8,3.2,4,6477.076076,1914570.588
502,69,53,26,71,0,67,25,39.55,41,21,71,61,13.5,10.7,53.8,8.6,3.3,3.1,9387.100651,2677797.394
503,69,31,3,97,2,66,0,18.21,6,9,,1,5.1,8.4,20.2,67.2,10.1,0,129427.0374,228289758.9
504,91,5,2,14,0,9,0,21.36,10,51,13,56,10.4,8.2,13.4,80.7,1.3,3,37167.02448,34192002.53
505,91,9,3,61,0,10,0,28.39,22,41,28,12,9.6,11.8,14.9,68.4,5.2,3.7,51745.84523,91990716.15
506,85,9,6,44,0,9,0,23.59,13,46,43,22,10.2,9.1,20.2,74.1,2.6,2,45754.64963,96257398.29
507,82,12,7,49,0,18,0,31.12,27,59,52,40,8.4,12.6,19.4,73.7,1.5,2.6,73217.73318,162440118.7
508,91,33,26,60,0,12,0,34.35,32,67,35,18,13.2,7.8,27.7,55.3,7.7,3.3,14248.16565,8121776.61
509,85,33,10,60,0,11,0,36.06,35,73,44,8,12.9,6.6,27.9,61.9,5.4,2.5,23077.00672,15883058.28
510,85,41,20,57,0,28,22,31.03,27,38,12,14,7.5,13.5,12,77.5,7,2.1,23104.84464,17857753.06
511,85,20,12,86,0,11,9,35.51,34,75,32,14,12.1,6.1,24.1,61.9,8.7,2.4,26638.92069,35137678.18
512,82,18,3,56,0,46,36,23.93,14,8,,29,4.2,9.8,28.9,58.4,1,2,176364.7388,477109707
513,85,18,4,58,0,9,0,15.47,4,58,19,16,8.7,13.4,18.7,75.2,1.8,2.1,61850.9338,121834031.4
514,91,20,1,80,0,10,0,14.23,3,48,,48,5.9,8,24.5,62.9,1,2.8,91910.74922,241194065.6
515,91,11,1,61,0,9,0,13.71,2,40,28,27,10.1,13.2,11.4,81.8,1.7,3.8,61937.52431,106977590.8
516,98,43,88,82,0,18,42,25.87,18,57,41,5,10.1,19.6,23.6,64.9,7.1,2.4,16421.28815,12277276.78
517,91,41,19,86,0,17,0,15.33,4,61,12,5,15.8,5.1,19.1,65.3,9.4,3.5,14324.06824,8652382.067
518,91,41,19,72,0,17,0,14.83,3,51,25,5,15.3,5.9,18.9,63,9.8,3.8,8128.835922,3127955.078
519,98,43,82,79,0,19,32,32.05,29,88,43,30,10.6,9.7,24.9,65.6,5.2,2.5,7617.569891,3062891.591
520,91,41,19,55,0,18,0,24.17,14,67,17,16,12.4,6.9,18.4,71,6.5,2.7,4889.394356,1432269.072
521,91,41,16,71,11,15,2,21.39,10,64,36,19,12.8,8.5,22.5,67.1,5,3.2,23141.56394,15989621.54
522,98,53,62,63,0,16,9,50,56,86,77,56,12.2,9.6,48.8,45.1,1.7,2.4,7665.403835,1978519.541
523,91,33,5,79,25,12,0,17.02,5,44,79,60,5,18.6,19.8,74.5,2.6,2.1,25483.77447,18628586.54
524,98,43,58,64,0,16,9,27.23,20,56,19,13,19.3,4.2,27.9,52.4,12.3,3.6,11364.40155,3957959.112
525,98,43,62,64,0,16,3,50.05,56,86,26,26,12.7,8.3,34.5,54,4.7,3.8,10142.85804,3289196.94
526,98,53,62,55,0,16,25,37.63,38,64,47,40,15,3.9,31.2,49.1,10.6,4,8788.743649,3858812.166
527,98,43,82,57,0,16,14,22.16,11,24,32,28,8.4,33.7,21.4,63.5,10,2,18037.60228,9360509.687
528,91,33,14,71,26,14,0,14.49,3,22,31,3,15.4,5.1,21.9,57.6,12.6,3.2,19906.3359,18202613.5
529,91,33,4,79,0,12,0,26.95,19,34,55,49,7.2,13.2,24.5,64.9,2.9,3.3,10819.60162,5075553.439
530,91,41,49,70,0,14,0,39.92,42,66,38,51,14.3,6.9,29.6,52.4,9.4,3.4,16680.21409,13279080.61
531,91,43,63,62,0,15,0,48.35,54,83,59,65,15.8,5.8,49.6,36.7,7.8,2.6,7508.278473,3643532.466
532,98,43,62,46,0,15,0,50.05,56,86,67,41,15.4,5.9,55.7,35,4.7,2.1,6364.048591,1790997.373
533,91,43,65,46,0,14,0,32.47,29,57,69,79,19.7,3.1,58.4,22,6,2.8,6636.752227,1354910.432
534,91,41,65,55,0,14,0,30.97,27,52,61,66,17,6.7,49.6,35.1,5.9,2.4,7350.136989,1473435.889
535,91,41,65,46,0,14,0,38.16,39,77,25,2,9.4,9.4,22.5,64.2,7.5,3.7,6506.530394,1539040.63
536,91,33,59,72,0,13,0,33.31,31,61,25,21,15.4,7,26.1,50.5,13.3,3.6,10089.06443,4359578.17
537,91,41,65,46,0,13,2,38.16,39,77,41,44,17.6,3.8,38.3,35.8,9.7,4.2,7871.08906,2662976.433
538,98,43,82,57,0,15,0,34.4,32,75,40,28,13.8,9.6,28.7,47.7,12.8,4.1,14626.34353,5536916.837
539,91,43,62,57,0,30,36,35.51,34,70,22,14,17.4,5.5,23.4,43.3,24.7,3.2,24908.4735,27505687.76
540,98,43,77,46,0,18,2,32.05,29,88,19,3,12.1,6.9,24.2,60.9,9,3.4,5603.005978,1462206.349
541,91,41,19,55,0,17,0,24.56,15,69,6,8,11.8,5.4,20.1,64,9.3,3.4,7377.470757,2762382.988
542,91,43,90,74,0,23,25,15.26,3,24,15,5,19.2,4.3,13.6,50.6,27.6,3.7,10510.30114,4121945.208
543,98,41,75,74,0,21,0,19.92,8,54,10,15,14,13.9,14.8,65,12.8,3.2,10113.43696,3324502.222
544,98,41,82,54,0,21,0,21.11,9,59,13,9,15.9,3.6,12.1,66.7,15.3,3.3,6292.33939,1558293.567
545,98,41,29,54,0,20,0,17,5,35,12,2,12.1,7.6,19.7,65.2,8.8,3.7,7260.908355,1724321.834
546,98,43,90,54,0,20,32,18.24,6,42,29,13,11.1,15.1,18.4,68.9,7.8,2.4,6580.078148,2543948.532
547,98,43,91,74,0,23,25,18.38,6,38,2,17,17,3.8,16.8,55.5,19.6,4,13570.58423,4170527.577
548,98,43,91,73,0,21,22,18.15,6,38,,10,13.4,7.1,15.3,63.5,15,3.1,12949.63785,5316842.156
549,98,53,28,63,0,24,57,37.29,37,87,40,36,11.7,14.9,28.2,60.9,4.9,3,21481.64404,18782391.54
550,98,53,28,80,0,16,0,37.29,37,87,41,38,12.7,10.7,35.5,54.9,5.4,2.3,9283.158226,4295006.264
551,100,53,35,82,0,17,25,24.71,16,63,21,9,12.6,7.3,21.4,65.5,7.8,2.5,19587.63674,16729152.92
552,98,53,36,53,0,16,0,17.75,6,25,12,3,11,18.2,24.4,65,6.3,2.1,5650.776509,1538360.24
553,98,53,91,53,0,22,68,24.53,15,63,20,15,10.8,6.2,13.3,68.1,10.7,3.7,7752.036778,3532074.234
554,98,53,68,54,0,20,58,24.53,15,63,19,10,11.6,8.6,18,68.8,7.8,3,7787.155832,3239569.966
555,98,53,56,53,0,19,68,24.53,15,63,21,4,9.4,16.1,13.7,70.5,11.1,2.7,8880.233486,4849663.792
556,98,53,30,53,0,17,0,24.53,15,63,32,23,11.3,14.4,19,67.3,8.5,3.1,6255.961172,2223535.365
557,98,53,47,64,0,16,27,31,27,73,48,19,6.8,7.9,16.8,73,5.3,1.8,13445.40695,6284498.364
558,98,53,51,53,0,17,0,23.31,13,56,39,32,11,16.2,16.2,70.7,7.7,2.9,8282.227724,4113293.245
559,98,53,26,79,0,16,15,24.67,15,49,88,78,19.2,4.4,74.3,20.2,3,1.2,8144.505141,2447369.728
560,98,53,28,62,0,15,9,37.29,37,87,88,87,19.7,3.6,72,15.5,6.5,1.7,8069.129787,2422179.753
561,78,31,4,82,4,53,76,41.49,44,33,44,44,12.3,10.4,36.8,55.5,3.5,1.5,169732.8143,448797740.1
